CREATE DATABASE QLGV
GO

USE QLGV
GO
--1. Tạo quan hệ và khai báo tất cả các ràng buộc khóa chính, khóa ngoại. Thêm vào 3 thuộc tính
--GHICHU, DIEMTB, XEPLOAI cho quan hệ HOCVIEN.

--Tạo quan hệ, khai báo ràng buộc khóa chính
--KHOA
CREATE TABLE KHOA
(
	MAKHOA VARCHAR(4) NOT NULL,
	TENKHOA VARCHAR(40),
	NGTLAP SMALLDATETIME,
	TRGKHOA CHAR(4)
)
GO
ALTER TABLE dbo.KHOA ADD CONSTRAINT PK_KHOA PRIMARY KEY(MAKHOA)
GO

--HOCVIEN
CREATE TABLE HOCVIEN
(
	MAHV CHAR(5) NOT NULL,
	HO VARCHAR(40),
	TEN VARCHAR(10),
	NGSINH SMALLDATETIME,
	GIOITINH VARCHAR(3),
	NOISINH VARCHAR(40),
	MALOP CHAR(3)
)
GO
ALTER TABLE dbo.HOCVIEN ADD CONSTRAINT PK_HOCVIEN PRIMARY KEY(MAHV)
GO

--LOP
CREATE TABLE LOP
(
	MALOP CHAR(3) NOT NULL,
	TENLOP VARCHAR(40),
	TRGLOP CHAR(5),
	SISO TINYINT,
	MAGVCN CHAR(4)
)
GO
ALTER TABLE dbo.LOP ADD CONSTRAINT PK_LOP PRIMARY KEY(MALOP)
GO

--MONHOC
CREATE TABLE MONHOC
(
	MAMH VARCHAR(10) NOT NULL,
	TENMH VARCHAR(40),
	TCLT TINYINT,
	TCTH TINYINT,
	MAKHOA VARCHAR(4)
)
GO
ALTER TABLE dbo.MONHOC ADD CONSTRAINT PK_MONHOC PRIMARY KEY(MAMH)
GO

--DIEUKIEN
CREATE TABLE DIEUKIEN
(
	MAMH VARCHAR(10) NOT NULL,
	MAMH_TRUOC VARCHAR(10) NOT NULL
)
GO
ALTER TABLE dbo.DIEUKIEN ADD CONSTRAINT PK_DIEUKIEN PRIMARY KEY(MAMH,MAMH_TRUOC)
GO

--GIAOVIEN
CREATE TABLE GIAOVIEN
(
	MAGV CHAR(4) NOT NULL,
	HOTEN VARCHAR(40),
	HOCVI VARCHAR(10),
	HOCHAM VARCHAR(10),
	GIOITINH VARCHAR(3),
	NGSINH SMALLDATETIME,
	NGVL SMALLDATETIME,
	HESO NUMERIC(4,2),
	MUCLUONG MONEY,
	MAKHOA VARCHAR(4)
)
GO
ALTER TABLE dbo.GIAOVIEN ADD CONSTRAINT PK_GIAOVIEN PRIMARY KEY(MAGV)
GO

--GIANGDAY
CREATE TABLE GIANGDAY
(
	MALOP CHAR(3) NOT NULL,
	MAMH VARCHAR(10) NOT NULL,
	MAGV CHAR(4),
	HOCKY TINYINT,
	NAM SMALLINT,
	TUNGAY SMALLDATETIME,
	DENNGAY SMALLDATETIME
)
GO
ALTER TABLE dbo.GIANGDAY ADD CONSTRAINT PK_GIANGDAY PRIMARY KEY(MALOP,MAMH)
GO

--KETQUATHI
CREATE TABLE KETQUATHI
(
	MAHV CHAR(5) NOT NULL,
	MAMH VARCHAR(10) NOT NULL,
	LANTHI TINYINT NOT NULL,
	NGTHI SMALLDATETIME,
	DIEM NUMERIC(4,2),
	KQUA VARCHAR(10)
)
GO
ALTER TABLE dbo.KETQUATHI ADD CONSTRAINT PK_KQT	PRIMARY KEY(MAHV,MAMH,LANTHI)
GO

--Nhập dữ liệu
SET DATEFORMAT DMY
GO

INSERT INTO KHOA VALUES('KHMT','Khoa hoc may tinh','07/06/2005','GV01')
INSERT INTO KHOA VALUES('HTTT','He thong thong tin','07/06/2005','GV02')
INSERT INTO KHOA VALUES('CNPM','Cong nghe phan mem','07/06/2005','GV04')
INSERT INTO KHOA VALUES('MTT','Mang va truyen thong','20/10/2005','GV03')
INSERT INTO KHOA VALUES('KTMT','Ky thuat may tinh','20/12/2005',NULL)
GO

-- LOP
INSERT INTO LOP VALUES('K11','Lop 1 khoa 1','K1108',11,'GV07')
INSERT INTO LOP VALUES('K12','Lop 2 khoa 1','K1205',12,'GV09')
INSERT INTO LOP VALUES('K13','Lop 3 khoa 1','K1305',12,'GV14')
GO

-- MONHOC
INSERT INTO MONHOC VALUES('THDC','Tin hoc dai cuong',4,1,'KHMT')
INSERT INTO MONHOC VALUES('CTRR','Cau truc roi rac',5,0,'KHMT')
INSERT INTO MONHOC VALUES('CSDL','Co so du lieu',3,1,'HTTT')
INSERT INTO MONHOC VALUES('CTDLGT','Cau truc du lieu va giai thuat',3,1,'KHMT')
INSERT INTO MONHOC VALUES('PTTKTT','Phan tich thiet ke thuat toan',3,0,'KHMT')
INSERT INTO MONHOC VALUES('DHMT','Do hoa may tinh',3,1,'KHMT')
INSERT INTO MONHOC VALUES('KTMT','Kien truc may tinh',3,0,'KTMT')
INSERT INTO MONHOC VALUES('TKCSDL','Thiet ke co so du lieu',3,1,'HTTT')
INSERT INTO MONHOC VALUES('PTTKHTTT','Phan tich thiet ke he thong thong tin',4,1,'HTTT')
INSERT INTO MONHOC VALUES('HDH','He dieu hanh',4,0,'KTMT')
INSERT INTO MONHOC VALUES('NMCNPM','Nhap mon cong nghe phan mem',3,0,'CNPM')
INSERT INTO MONHOC VALUES('LTCFW','Lap trinh C for win',3,1,'CNPM')
INSERT INTO MONHOC VALUES('LTHDT','Lap trinh huong doi tuong',3,1,'CNPM')
GO

-- DIEUKIEN
INSERT INTO DIEUKIEN VALUES('CSDL','CTRR')
INSERT INTO DIEUKIEN VALUES('CSDL','CTDLGT')
INSERT INTO DIEUKIEN VALUES('CTDLGT','THDC')
INSERT INTO DIEUKIEN VALUES('PTTKTT','THDC')
INSERT INTO DIEUKIEN VALUES('PTTKTT','CTDLGT')
INSERT INTO DIEUKIEN VALUES('DHMT','THDC')
INSERT INTO DIEUKIEN VALUES('LTHDT','THDC')
INSERT INTO DIEUKIEN VALUES('PTTKHTTT','CSDL')
GO

-- GIANGDAY
INSERT INTO GIANGDAY VALUES('K11','THDC','GV07',1,2006,'02/01/2006','12/05/2006')
INSERT INTO GIANGDAY VALUES('K12','THDC','GV06',1,2006,'02/01/2006','12/05/2006')
INSERT INTO GIANGDAY VALUES('K13','THDC','GV15',1,2006,'02/01/2006','12/05/2006')
INSERT INTO GIANGDAY VALUES('K11','CTRR','GV02',1,2006,'09/01/2006','17/5/2006')
INSERT INTO GIANGDAY VALUES('K12','CTRR','GV02',1,2006,'09/01/2006','17/5/2006')
INSERT INTO GIANGDAY VALUES('K13','CTRR','GV08',1,2006,'09/01/2006','17/5/2006')
INSERT INTO GIANGDAY VALUES('K11','CSDL','GV05',2,2006,'01/06/2006','15/7/2006')
INSERT INTO GIANGDAY VALUES('K12','CSDL','GV09',2,2006,'01/06/2006','15/7/2006')
INSERT INTO GIANGDAY VALUES('K13','CTDLGT','GV15',2,2006,'01/06/2006','15/7/2006')
INSERT INTO GIANGDAY VALUES('K13','CSDL','GV05',3,2006,'01/08/2006','15/12/2006')
INSERT INTO GIANGDAY VALUES('K13','DHMT','GV07',3,2006,'01/08/2006','15/12/2006')
INSERT INTO GIANGDAY VALUES('K11','CTDLGT','GV15',3,2006,'01/08/2006','15/12/2006')
INSERT INTO GIANGDAY VALUES('K12','CTDLGT','GV15',3,2006,'01/08/2006','15/12/2006')
INSERT INTO GIANGDAY VALUES('K11','HDH','GV04',1,2007,'02/01/2007','18/2/2007')
INSERT INTO GIANGDAY VALUES('K12','HDH','GV04',1,2007,'02/01/2007','20/3/2007')
INSERT INTO GIANGDAY VALUES('K11','DHMT','GV07',1,2007,'18/2/2007','20/3/2007')
GO

-- GIAOVIEN
INSERT INTO GIAOVIEN VALUES('GV01','Ho Thanh Son','PTS','GS','Nam','02/05/1950','11/01/2004',5,2250000,'KHMT')
INSERT INTO GIAOVIEN VALUES('GV02','Tran Tam Thanh','TS','PGS','Nam','17/12/1965','20/4/2004',4.5,2025000,'HTTT')
INSERT INTO GIAOVIEN VALUES('GV03','Do Nghiem Phung','TS','GS','Nu','01/08/1950','23/9/2004',4,1800000,'CNPM')
INSERT INTO GIAOVIEN VALUES('GV04','Tran Nam Son','TS','PGS','Nam','22/2/1961','12/01/2005',4.5,2025000,'KTMT')
INSERT INTO GIAOVIEN VALUES('GV05','Mai Thanh Danh','ThS','GV','Nam','12/03/1958','12/01/2005',3,1350000,'HTTT')
INSERT INTO GIAOVIEN VALUES('GV06','Tran Doan Hung','TS','GV','Nam','11/03/1953','12/01/2005',4.5,2025000,'KHMT')
INSERT INTO GIAOVIEN VALUES('GV07','Nguyen Minh Tien','ThS','GV','Nam','23/11/1971','01/03/2005',4,1800000,'KHMT')
INSERT INTO GIAOVIEN VALUES('GV08','Le Thi Tran','KS','Null','Nu','26/3/1974','01/03/2005',1.69,760500,'KHMT')
INSERT INTO GIAOVIEN VALUES('GV09','Nguyen To Lan','ThS','GV','Nu','31/12/1966','01/03/2005',4,1800000,'HTTT')
INSERT INTO GIAOVIEN VALUES('GV10','Le Tran Anh Loan','KS','Null','Nu','17/7/1972','01/03/2005',1.86,837000,'CNPM')
INSERT INTO GIAOVIEN VALUES('GV11','Ho Thanh Tung','CN','GV','Nam','12/01/1980','15/5/2005',2.67,1201500,'MTT')
INSERT INTO GIAOVIEN VALUES('GV12','Tran Van Anh','CN','Null','Nu','29/3/1981','15/5/2005',1.69,760500,'CNPM')
INSERT INTO GIAOVIEN VALUES('GV13','Nguyen Linh Dan','CN','Null','Nu','23/5/1980','15/5/2005',1.69,760500,'KTMT')
INSERT INTO GIAOVIEN VALUES('GV14','Truong Minh Chau','ThS','GV','Nu','30/11/1976','15/5/2005',3,1350000,'MTT')
INSERT INTO GIAOVIEN VALUES('GV15','Le Ha Thanh','ThS','GV','Nam','04/05/1978','15/5/2005',3,1350000,'KHMT')
GO

-- HOCVIEN
INSERT INTO HOCVIEN VALUES('K1101','Nguyen Van','A','27/1/1986','Nam','TpHCM','K11')
INSERT INTO HOCVIEN VALUES('K1102','Tran Ngoc','Han','14/3/1986','Nu','Kien Giang','K11')
INSERT INTO HOCVIEN VALUES('K1103','Ha Duy','Lap','18/4/1986','Nam','Nghe An','K11')
INSERT INTO HOCVIEN VALUES('K1104','Tran Ngoc','Linh','30/3/1986','Nu','Tay Ninh','K11')
INSERT INTO HOCVIEN VALUES('K1105','Tran Minh','Long','27/2/1986','Nam','TpHCM','K11')
INSERT INTO HOCVIEN VALUES('K1106','Le Nhat','Minh','24/1/1986','Nam','TpHCM','K11')
INSERT INTO HOCVIEN VALUES('K1107','Nguyen Nhu','Nhut','27/1/1986','Nam','Ha Noi','K11')
INSERT INTO HOCVIEN VALUES('K1108','Nguyen Manh','Tam','27/2/1986','Nam','Kien Giang','K11')
INSERT INTO HOCVIEN VALUES('K1109','Phan Thi Thanh','Tam','27/1/1986','Nu','Vinh Long','K11')
INSERT INTO HOCVIEN VALUES('K1110','Le Hoai','Thuong','05/02/1986','Nu','Can Tho','K11')
INSERT INTO HOCVIEN VALUES('K1111','Le Ha','Vinh','25/12/1986','Nam','Vinh Long','K11')
INSERT INTO HOCVIEN VALUES('K1201','Nguyen Van','B','11/02/1986','Nam','TpHCM','K12')
INSERT INTO HOCVIEN VALUES('K1202','Nguyen Thi Kim','Duyen','18/1/1986','Nu','TpHCM','K12')
INSERT INTO HOCVIEN VALUES('K1203','Tran Thi Kim','Duyen','17/9/1986','Nu','TpHCM','K12')
INSERT INTO HOCVIEN VALUES('K1204','Truong My','Hanh','19/5/1986','Nu','Dong Nai','K12')
INSERT INTO HOCVIEN VALUES('K1205','Nguyen Thanh','Nam','17/4/1986','Nam','TpHCM','K12')
INSERT INTO HOCVIEN VALUES('K1206','Nguyen Thi Truc','Thanh','04/03/1986','Nu','Kien Giang','K12')
INSERT INTO HOCVIEN VALUES('K1207','Tran Thi Bich','Thuy','08/02/1986','Nu','Nghe An','K12')
INSERT INTO HOCVIEN VALUES('K1208','Huynh Thi Kim','Trieu','08/04/1986','Nu','Tay Ninh','K12')
INSERT INTO HOCVIEN VALUES('K1209','Pham Thanh','Trieu','23/2/1986','Nam','TpHCM','K12')
INSERT INTO HOCVIEN VALUES('K1210','Ngo Thanh','Tuan','14/2/1986','Nam','TpHCM','K12')
INSERT INTO HOCVIEN VALUES('K1211','Do Thi','Xuan','09/03/1986','Nu','Ha Noi','K12')
INSERT INTO HOCVIEN VALUES('K1212','Le Thi Phi','Yen','03/12/1986','Nu','TpHCM','K12')
INSERT INTO HOCVIEN VALUES('K1301','Nguyen Thi Kim','Cuc','09/06/1986','Nu','Kien Giang','K13')
INSERT INTO HOCVIEN VALUES('K1302','Truong Thi My','Hien','18/3/1986','Nu','Nghe An','K13')
INSERT INTO HOCVIEN VALUES('K1303','Le Duc','Hien','21/3/1986','Nam','Tay Ninh','K13')
INSERT INTO HOCVIEN VALUES('K1304','Le Quang','Hien','18/4/1986','Nam','TpHCM','K13')
INSERT INTO HOCVIEN VALUES('K1305','Le Thi','Huong','27/3/1986','Nu','TpHCM','K13')
INSERT INTO HOCVIEN VALUES('K1306','Nguyen Thai','Huu','30/3/1986','Nam','Ha Noi','K13')
INSERT INTO HOCVIEN VALUES('K1307','Tran Minh','Man','28/5/1986','Nam','TpHCM','K13')
INSERT INTO HOCVIEN VALUES('K1308','Nguyen Hieu','Nghia','08/04/1986','Nam','Kien Giang','K13')
INSERT INTO HOCVIEN VALUES('K1309','Nguyen Trung','Nghia','18/1/1987','Nam','Nghe An','K13')
INSERT INTO HOCVIEN VALUES('K1310','Tran Thi Hong','Tham','22/4/1986','Nu','Tay Ninh','K13')
INSERT INTO HOCVIEN VALUES('K1311','Tran Minh','Thuc','04/04/1986','Nam','TpHCM','K13')
INSERT INTO HOCVIEN VALUES('K1312','Nguyen Thi Kim','Yen','07/09/1986','Nu','TpHCM','K13')
GO

-- KETQUATHI
INSERT INTO KETQUATHI VALUES('K1101','CSDL',1,'20/7/2006',10,'Dat')
INSERT INTO KETQUATHI VALUES('K1101','CTDLGT',1,'28/12/2006',9,'Dat')
INSERT INTO KETQUATHI VALUES('K1101','THDC',1,'20/5/2006',9,'Dat')
INSERT INTO KETQUATHI VALUES('K1101','CTRR',1,'13/5/2006',9.5,'Dat')
INSERT INTO KETQUATHI VALUES('K1102','CSDL',1,'20/7/2006',4,'Khong Dat')
INSERT INTO KETQUATHI VALUES('K1102','CSDL',2,'27/7/2006',4.25,'Khong Dat')
INSERT INTO KETQUATHI VALUES('K1102','CSDL',3,'10/08/2006',4.5,'Khong Dat')
INSERT INTO KETQUATHI VALUES('K1102','CTDLGT',1,'28/12/2006',4.5,'Khong Dat')
INSERT INTO KETQUATHI VALUES('K1102','CTDLGT',2,'05/01/2007',4,'Khong Dat')
INSERT INTO KETQUATHI VALUES('K1102','CTDLGT',3,'15/1/2007',6,'Dat')
INSERT INTO KETQUATHI VALUES('K1102','THDC',1,'20/5/2006',5,'Dat')
INSERT INTO KETQUATHI VALUES('K1102','CTRR',1,'13/5/2006',7,'Dat')
INSERT INTO KETQUATHI VALUES('K1103','CSDL',1,'20/7/2006',3.5,'Khong Dat')
INSERT INTO KETQUATHI VALUES('K1103','CSDL',2,'27/7/2006',8.25,'Dat')
INSERT INTO KETQUATHI VALUES('K1103','CTDLGT',1,'28/12/2006',7,'Dat')
INSERT INTO KETQUATHI VALUES('K1103','THDC',1,'20/5/2006',8,'Dat')
INSERT INTO KETQUATHI VALUES('K1103','CTRR',1,'13/5/2006',6.5,'Dat')
INSERT INTO KETQUATHI VALUES('K1104','CSDL',1,'20/7/2006',3.75,'Khong Dat')
INSERT INTO KETQUATHI VALUES('K1104','CTDLGT',1,'28/12/2006',4,'Khong Dat')
INSERT INTO KETQUATHI VALUES('K1104','THDC',1,'20/5/2006',4,'Khong Dat')
INSERT INTO KETQUATHI VALUES('K1104','CTRR',1,'13/5/2006',4,'Khong Dat')
INSERT INTO KETQUATHI VALUES('K1104','CTRR',2,'20/5/2006',3.5,'Khong Dat')
INSERT INTO KETQUATHI VALUES('K1104','CTRR',3,'30/6/2006',4,'Khong Dat')
INSERT INTO KETQUATHI VALUES('K1201','CSDL',1,'20/7/2006',6,'Dat')
INSERT INTO KETQUATHI VALUES('K1201','CTDLGT',1,'28/12/2006',5,'Dat')
INSERT INTO KETQUATHI VALUES('K1201','THDC',1,'20/5/2006',8.5,'Dat')
INSERT INTO KETQUATHI VALUES('K1201','CTRR',1,'13/5/2006',9,'Dat')
INSERT INTO KETQUATHI VALUES('K1202','CSDL',1,'20/7/2006',8,'Dat')
INSERT INTO KETQUATHI VALUES('K1202','CTDLGT',1,'28/12/2006',4,'Khong Dat')
INSERT INTO KETQUATHI VALUES('K1202','CTDLGT',2,'05/01/2007',5,'Dat')
INSERT INTO KETQUATHI VALUES('K1202','THDC',1,'20/5/2006',4,'Khong Dat')
INSERT INTO KETQUATHI VALUES('K1202','THDC',2,'27/5/2006',4,'Khong Dat')
INSERT INTO KETQUATHI VALUES('K1202','CTRR',1,'13/5/2006',3,'Khong Dat')
INSERT INTO KETQUATHI VALUES('K1202','CTRR',2,'20/5/2006',4,'Khong Dat')
INSERT INTO KETQUATHI VALUES('K1202','CTRR',3,'30/6/2006',6.25,'Dat')
INSERT INTO KETQUATHI VALUES('K1203','CSDL',1,'20/7/2006',9.25,'Dat')
INSERT INTO KETQUATHI VALUES('K1203','CTDLGT',1,'28/12/2006',9.5,'Dat')
INSERT INTO KETQUATHI VALUES('K1203','THDC',1,'20/5/2006',10,'Dat')
INSERT INTO KETQUATHI VALUES('K1203','CTRR',1,'13/5/2006',10,'Dat')
INSERT INTO KETQUATHI VALUES('K1204','CSDL',1,'20/7/2006',8.5,'Dat')
INSERT INTO KETQUATHI VALUES('K1204','CTDLGT',1,'28/12/2006',6.75,'Dat')
INSERT INTO KETQUATHI VALUES('K1204','THDC',1,'20/5/2006',4,'Khong Dat')
INSERT INTO KETQUATHI VALUES('K1204','CTRR',1,'13/5/2006',6,'Dat')
INSERT INTO KETQUATHI VALUES('K1301','CSDL',1,'20/12/2006',4.25,'Khong Dat')
INSERT INTO KETQUATHI VALUES('K1301','CTDLGT',1,'25/7/2006',8,'Dat')
INSERT INTO KETQUATHI VALUES('K1301','THDC',1,'20/5/2006',7.75,'Dat')
INSERT INTO KETQUATHI VALUES('K1301','CTRR',1,'13/5/2006',8,'Dat')
INSERT INTO KETQUATHI VALUES('K1302','CSDL',1,'20/12/2006',6.75,'Dat')
INSERT INTO KETQUATHI VALUES('K1302','CTDLGT',1,'25/7/2006',5,'Dat')
INSERT INTO KETQUATHI VALUES('K1302','THDC',1,'20/5/2006',8,'Dat')
INSERT INTO KETQUATHI VALUES('K1302','CTRR',1,'13/5/2006',8.5,'Dat')
INSERT INTO KETQUATHI VALUES('K1303','CSDL',1,'20/12/2006',4,'Khong Dat')
INSERT INTO KETQUATHI VALUES('K1303','CTDLGT',1,'25/7/2006',4.5,'Khong Dat')
INSERT INTO KETQUATHI VALUES('K1303','CTDLGT',2,'07/08/2006',4,'Khong Dat')
INSERT INTO KETQUATHI VALUES('K1303','CTDLGT',3,'15/8/2006',4.25,'Khong Dat')
INSERT INTO KETQUATHI VALUES('K1303','THDC',1,'20/5/2006',4.5,'Khong Dat')
INSERT INTO KETQUATHI VALUES('K1303','CTRR',1,'13/5/2006',3.25,'Khong Dat')
INSERT INTO KETQUATHI VALUES('K1303','CTRR',2,'20/5/2006',5,'Dat')
INSERT INTO KETQUATHI VALUES('K1304','CSDL',1,'20/12/2006',7.75,'Dat')
INSERT INTO KETQUATHI VALUES('K1304','CTDLGT',1,'25/7/2006',9.75,'Dat')
INSERT INTO KETQUATHI VALUES('K1304','THDC',1,'20/5/2006',5.5,'Dat')
INSERT INTO KETQUATHI VALUES('K1304','CTRR',1,'13/5/2006',5,'Dat')
INSERT INTO KETQUATHI VALUES('K1305','CSDL',1,'20/12/2006',9.25,'Dat')
INSERT INTO KETQUATHI VALUES('K1305','CTDLGT',1,'25/7/2006',10,'Dat')
INSERT INTO KETQUATHI VALUES('K1305','THDC',1,'20/5/2006',8,'Dat')
INSERT INTO KETQUATHI VALUES('K1305','CTRR',1,'13/5/2006',10,'Dat')
GO

--Khai báo khóa ngoại
--HOCVIEN
ALTER TABLE dbo.HOCVIEN ADD CONSTRAINT FK_HV FOREIGN KEY(MALOP) REFERENCES dbo.LOP(MALOP)
GO

--LOP
ALTER TABLE dbo.LOP ADD CONSTRAINT FK1_LOP FOREIGN KEY(TRGLOP) REFERENCES dbo.HOCVIEN(MAHV)
GO
ALTER TABLE dbo.LOP ADD CONSTRAINT FK2_LOP FOREIGN KEY(MAGVCN) REFERENCES dbo.GIAOVIEN(MAGV)
GO

--KHOA
ALTER TABLE dbo.KHOA ADD CONSTRAINT FK_KHOA FOREIGN KEY(TRGKHOA) REFERENCES dbo.GIAOVIEN(MAGV)
GO

--MONHOC
ALTER TABLE dbo.MONHOC ADD CONSTRAINT FK_MONHOC FOREIGN KEY(MAKHOA) REFERENCES dbo.KHOA(MAKHOA)
GO

--DIEUKIEN
ALTER TABLE dbo.DIEUKIEN ADD CONSTRAINT FK1_DK FOREIGN KEY(MAMH) REFERENCES dbo.MONHOC(MAMH)
GO
ALTER TABLE dbo.DIEUKIEN ADD CONSTRAINT FK2_DK FOREIGN KEY(MAMH_TRUOC) REFERENCES dbo.MONHOC(MAMH)
GO

--GIAOVIEN
ALTER TABLE dbo.GIAOVIEN ADD CONSTRAINT FK_GV FOREIGN KEY(MAKHOA) REFERENCES dbo.KHOA(MAKHOA)
GO

--GIANGDAY
ALTER TABLE dbo.GIANGDAY ADD CONSTRAINT FK1_GD FOREIGN KEY(MALOP) REFERENCES dbo.LOP(MALOP)
GO
ALTER TABLE dbo.GIANGDAY ADD CONSTRAINT FK2_GD FOREIGN KEY(MAMH) REFERENCES dbo.MONHOC(MAMH)
GO
ALTER TABLE dbo.GIANGDAY ADD CONSTRAINT FK3_GD FOREIGN KEY(MAGV) REFERENCES dbo.GIAOVIEN(MAGV)
GO

--KETQUATHI
ALTER TABLE dbo.KETQUATHI ADD CONSTRAINT FK1_KQT FOREIGN KEY(MAHV) REFERENCES dbo.HOCVIEN(MAHV)
GO
ALTER TABLE dbo.KETQUATHI ADD CONSTRAINT FK2_KQT FOREIGN KEY(MAMH) REFERENCES dbo.MONHOC(MAMH)
GO

--Thêm vào 3 thuộc tính GHICHU, DIEMTB, XEPLOAI cho quan hệ HOCVIEN.
--GHICHU
ALTER TABLE dbo.HOCVIEN ADD GHICHU VARCHAR(40)
GO
--DIEMTB
ALTER TABLE dbo.HOCVIEN ADD DIEMTB NUMERIC(4,2)
GO
--XEPLOAI
ALTER TABLE dbo.HOCVIEN ADD XEPLOAI VARCHAR(10)
GO

--2. Mã học viên là một chuỗi 5 ký tự, 3 ký tự đầu là mã lớp, 2 ký tự cuối cùng là số thứ tự học viên
--trong lớp. VD: “K1101”
CREATE TRIGGER UTR_HOCVIEN
ON HOCVIEN
FOR INSERT, UPDATE 
AS
BEGIN
	DECLARE @SISO TINYINT, @MAHV CHAR(5), @MALOP CHAR(3)

	SELECT @MAHV = MAHV, @MALOP = MALOP FROM INSERTED
	SELECT @SISO = SISO FROM LOP WHERE LOP.MALOP = @MALOP

	IF LEFT(@MAHV,3) <> @MALOP
	BEGIN
		PRINT('3 ky tu dau cua MAHV phai la MALOP')
		ROLLBACK TRAN
	END
	
	ELSE IF CAST(RIGHT(@MAHV, 2) AS INT) NOT BETWEEN 1 AND @SISO
	BEGIN
		PRINT('2 ky tu cuoi cua MAHV phai la so thu tu hoc vien trong lop')
		ROLLBACK TRAN
	END
END
GO

--3. Thuộc tính GIOITINH chỉ có giá trị là “Nam” hoặc “Nu”.
ALTER TABLE dbo.HOCVIEN ADD CONSTRAINT CHK_GTHV CHECK(GIOITINH IN ('Nam','Nu'))
GO
ALTER TABLE dbo.GIAOVIEN ADD CONSTRAINT CHK_GTGV CHECK(GIOITINH IN ('Nam','Nu'))
GO
--4. Điểm số của một lần thi có giá trị từ 0 đến 10 và cần lưu đến 2 số lẽ (VD: 6.22).
ALTER TABLE KETQUATHI ADD CONSTRAINT CHECK_DIEM CHECK 
(
	DIEM BETWEEN 0 AND 10
	AND RIGHT(CAST(DIEM AS VARCHAR), 3) LIKE '.__'
)
GO
--5. Kết quả thi là “Dat” nếu điểm từ 5 đến 10 và “Khong dat” nếu điểm nhỏ hơn 5.
ALTER TABLE dbo.KETQUATHI ADD CONSTRAINT CHK_KQT CHECK
(((DIEM >= 5) AND (DIEM <= 10)) AND (KQUA = 'Dat')
OR
((DIEM < 5) AND (KQUA = 'Khong dat')))
GO
--6. Học viên thi một môn tối đa 3 lần.
ALTER TABLE dbo.KETQUATHI ADD CONSTRAINT CHK_LT CHECK(LANTHI >= 1 AND LANTHI <= 3)
GO
--7. Học kỳ chỉ có giá trị từ 1 đến 3.
ALTER TABLE dbo.GIANGDAY ADD CONSTRAINT CHK_HK CHECK(HOCKY >= 1 AND HOCKY <= 3)
GO
--8. Học vị của giáo viên chỉ có thể là “CN”, “KS”, “Ths”, ”TS”, ”PTS”.
ALTER TABLE dbo.GIAOVIEN ADD CONSTRAINT CHK_HOCVI CHECK(HOCVI IN ('CN', 'KS', 'Ths', 'TS', 'PTS'))
GO
--9. Lớp trưởng của một lớp phải là học viên của lớp đó.
CREATE TRIGGER UTR_LopTruong 
ON LOP
FOR INSERT, UPDATE
AS
BEGIN
	IF NOT EXISTS (SELECT * FROM INSERTED I, HOCVIEN HV
	WHERE I.TRGLOP = HV.MAHV AND I.MALOP = HV.MALOP)
	BEGIN
		PRINT('Lop truong cua mot lop phai la hoc vien cua lop do!')
		ROLLBACK TRAN
	END
END
GO

CREATE TRIGGER UTR_HV
ON HOCVIEN
FOR DELETE
AS
BEGIN
	IF EXISTS(SELECT * FROM Deleted D, Inserted I, LOP AS L
	WHERE D.MAHV = L.TRGLOP AND D.MALOP = L .MALOP)
	BEGIN
		PRINT('Khong the xoa!!! Hoc vien dang la lop truong!')
		ROLLBACK TRAN
	END
END
GO

--10. Trưởng khoa phải là giáo viên thuộc khoa và có học vị “TS” hoặc “PTS”.
CREATE TRIGGER UTR_TRUONGKHOA
ON KHOA
FOR INSERT, UPDATE
AS 
BEGIN
	IF NOT EXISTS(SELECT * FROM Inserted I, dbo.GIAOVIEN AS GV
	WHERE I.TRGKHOA = GV.MAGV AND I.MAKHOA = GV.MAKHOA AND GV.HOCVI IN ('TS', 'PTS'))
	BEGIN
		PRINT('Truong khoa phai la giao vien thuoc khoa va co hoc vi "TS" hoac "PTS"!')
		ROLLBACK TRAN
	END
END
GO

CREATE TRIGGER UTR_GV
ON GIAOVIEN
FOR DELETE
AS
BEGIN
	IF EXISTS(SELECT * FROM Deleted D, Inserted I, dbo.KHOA AS K
	WHERE D.MAGV = K.TRGKHOA AND D.MAKHOA = K.MAKHOA AND D.HOCVI IN('TS', 'PTS'))
	BEGIN
	    PRINT('Khong the xoa!!! Giao vien dang la truong khoa!')
		ROLLBACK TRAN
	END
END
GO

--11. Học viên ít nhất là 18 tuổi.
ALTER TABLE dbo.HOCVIEN ADD CONSTRAINT CHK_TUOI CHECK(YEAR(GETDATE()) - YEAR(NGSINH) >= 18)
GO
--12. Giảng dạy một môn học ngày bắt đầu (TUNGAY) phải nhỏ hơn ngày kết thúc (DENNGAY).
ALTER TABLE dbo.GIANGDAY ADD CONSTRAINT CHK_GIANGDAY CHECK(TUNGAY < DENNGAY)
GO
--13. Giáo viên khi vào làm ít nhất là 22 tuổi.
ALTER TABLE dbo.GIAOVIEN ADD CONSTRAINT CHK_TUOILAM CHECK(YEAR(NGVL) - YEAR(NGSINH) >= 22)
GO
--14. Tất cả các môn học đều có số tín chỉ lý thuyết và tín chỉ thực hành chênh lệch nhau không quá 3.
CREATE TRIGGER UTR_MONHOC
ON dbo.MONHOC
FOR INSERT, UPDATE
AS
BEGIN
	DECLARE @TCLT TINYINT, @TCTH TINYINT

	SELECT @TCLT = TCLT, @TCTH = TCTH FROM Inserted

	IF(ABS(@TCLT - @TCTH) > 3)
	BEGIN
		PRINT('Tin chi ly thuyet va tin chi thuc hanh chenh lech nhau khong qua 3')
		ROLLBACK TRAN
	END
END
GO
--15. Học viên chỉ được thi một môn học nào đó khi lớp của học viên đã học xong môn học này.
CREATE TRIGGER insert_kqt
ON dbo.KETQUATHI
FOR INSERT, UPDATE
AS
BEGIN
	IF NOT EXISTS (SELECT * FROM Inserted AS I JOIN dbo.GIANGDAY AS GD ON GD.MAMH = I.MAMH)
	BEGIN
		PRINT('Chi duoc thi mon da duoc giang day')
		ROLLBACK TRAN
	END
END
GO

CREATE TRIGGER update_gd
ON dbo.GIANGDAY
FOR	UPDATE
AS
BEGIN
	IF NOT EXISTS (SELECT * FROM Inserted AS I JOIN dbo.KETQUATHI AS KQT ON KQT.MAMH = I.MAMH)
	BEGIN
		PRINT('Khong the sua mon da thi')
		ROLLBACK TRAN
	END
END
GO

CREATE TRIGGER delete_gd
ON dbo.GIANGDAY
FOR	DELETE
AS
BEGIN
	IF NOT EXISTS (SELECT * FROM Deleted AS D JOIN dbo.KETQUATHI AS KQT ON KQT.MAMH = D.MAMH)
	BEGIN
		PRINT('Khong the xoa mon da thi')
		ROLLBACK TRAN
	END
END
GO
--16. Mỗi học kỳ của một năm học, một lớp chỉ được học tối đa 3 môn.
CREATE TRIGGER insert_gd
ON dbo.GIANGDAY
FOR INSERT, UPDATE
AS
BEGIN
	IF EXISTS(SELECT * FROM Inserted AS I, dbo.GIANGDAY AS GD 
				WHERE I.NAM = GD.NAM AND I.HOCKY = GD. HOCKY AND COUNT( DISTINCT I.MAMH) > 3)
	BEGIN
		PRINT ('Moi hoc ky cua nam hoc, moi lop chi duoc hoc toi da 3 mon')
		ROLLBACK TRAN
	END
END
GO
--17. Sỉ số của một lớp bằng với số lượng học viên thuộc lớp đó.
--18. Trong quan hệ DIEUKIEN giá trị của thuộc tính MAMH và MAMH_TRUOC trong cùng một bộ
--không được giống nhau (“A”,”A”) và cũng không tồn tại hai bộ (“A”,”B”) và (“B”,”A”).
--19. Các giáo viên có cùng học vị, học hàm, hệ số lương thì mức lương bằng nhau.
--20. Học viên chỉ được thi lại (lần thi >1) khi điểm của lần thi trước đó dưới 5.
--21. Ngày thi của lần thi sau phải lớn hơn ngày thi của lần thi trước (cùng học viên, cùng môn học).
--22. Học viên chỉ được thi những môn mà lớp của học viên đó đã học xong.
--23. Khi phân công giảng dạy một môn học, phải xét đến thứ tự trước sau giữa các môn học (sau khi học
--xong những môn học phải học trước mới được học những môn liền sau).
--24. Giáo viên chỉ được phân công dạy những môn thuộc khoa giáo viên đó phụ trách.

--II. Ngôn ngữ thao tác dữ liệu (Data Manipulation Language):
--1. Tăng hệ số lương thêm 0.2 cho những giáo viên là trưởng khoa.
UPDATE dbo.GIAOVIEN SET HESO = HESO + 0.2 
WHERE
MAGV IN (SELECT TRGKHOA FROM dbo.KHOA)
GO
--2. Cập nhật giá trị điểm trung bình tất cả các môn học (DIEMTB) của mỗi học viên (tất cả các môn
--học đều có hệ số 1 và nếu học viên thi một môn nhiều lần, chỉ lấy điểm của lần thi sau cùng).
UPDATE dbo.HOCVIEN
SET DIEMTB = 
(
	SELECT AVG(DIEM) FROM dbo.KETQUATHI
	WHERE LANTHI = 
	(
		SELECT MAX(LANTHI) FROM dbo.KETQUATHI
		WHERE MAHV = dbo.KETQUATHI.MAHV
		GROUP BY MAHV
	)
	GROUP BY MAHV
	HAVING MAHV = dbo.HOCVIEN.MAHV
)
--3. Cập nhật giá trị cho cột GHICHU là “Cam thi” đối với trường hợp: học viên có một môn bất kỳ thi
--lần thứ 3 dưới 5 điểm.
UPDATE dbo.HOCVIEN
SET GHICHU = 'Cam thi'
WHERE MAHV IN
(
	SELECT MAHV FROM dbo.KETQUATHI
	WHERE LANTHI = 3 AND DIEM < 5
)
--4. Cập nhật giá trị cho cột XEPLOAI trong quan hệ HOCVIEN như sau:
--Nếu DIEMTB >= 9 thì XEPLOAI =”XS”
--Nếu 8 <= DIEMTB < 9 thì XEPLOAI = “G”
--Nếu 6.5 <= DIEMTB < 8 thì XEPLOAI = “K”
--Nếu 5 <= DIEMTB < 6.5 thì XEPLOAI = “TB”
--Nếu DIEMTB < 5 thì XEPLOAI = ”Y”
UPDATE dbo.HOCVIEN
SET XEPLOAI = 
(
	CASE
		WHEN DIEMTB >= 9 THEN 'XS'
		WHEN DIEMTB >= 8 AND DIEMTB < 9 THEN 'G'
		WHEN DIEMTB >= 6.5 AND DIEMTB < 8 THEN 'K'
		WHEN DIEMTB >= 5 AND DIEMTB < 6.5 THEN 'TB'
		WHEN DIEMTB < 6 THEN 'Y'
	END
)

--UPDATE dbo.HOCVIEN
--SET XEPLOAI = 'XS'
--WHERE DIEMTB >= 9

--III. Ngôn ngữ truy vấn dữ liệu:
--1. In ra danh sách (mã học viên, họ tên, ngày sinh, mã lớp) lớp trưởng của các lớp.
SELECT HV.MAHV, HV.HO + ' ' + HV.TEN AS HOTEN, HV.NGSINH, HV.MALOP 
FROM dbo.LOP AS L, dbo.HOCVIEN AS HV
WHERE L.TRGLOP = HV.MAHV
--2. In ra bảng điểm khi thi (mã học viên, họ tên , lần thi, điểm số) môn CTRR của lớp “K12”, sắp xếp
--theo tên, họ học viên.
SELECT HV.MAHV, HV.HO + ' ' + HV.TEN AS HOTEN, KQT.LANTHI, KQT.DIEM
FROM dbo.HOCVIEN AS HV, dbo.KETQUATHI AS KQT
WHERE 
KQT.MAHV = HV. MAHV
AND KQT.MAMH = 'CTRR' 
AND HV.MALOP = 'K12'
ORDER BY 
HV.TEN, HV.HO
--3. In ra danh sách những học viên (mã học viên, họ tên) và những môn học mà học viên đó thi lần thứ
--nhất đã đạt.
SELECT HV.MAHV, HV.HO + ' ' + HV.TEN AS HOTEN, MH.*
FROM dbo.HOCVIEN AS HV, dbo.KETQUATHI AS KQT, dbo.MONHOC AS MH
WHERE 
KQT.MAHV = HV. MAHV
AND KQT.MAMH = MH.MAMH
AND KQT.LANTHI = 1 
AND KQT.KQUA = 'Dat'
--4. In ra danh sách học viên (mã học viên, họ tên) của lớp “K11” thi môn CTRR không đạt (ở lần thi 1).
SELECT HV.MAHV, HV.HO + ' ' + HV.TEN AS HOTEN
FROM dbo.HOCVIEN AS HV, dbo.KETQUATHI AS KQT
WHERE 
KQT.MAHV = HV. MAHV
AND KQT.MAMH = 'CTRR' 
AND HV.MALOP = 'K11'
AND KQT.LANTHI = 1
AND KQT.KQUA = 'Khong Dat'
--5. * Danh sách học viên (mã học viên, họ tên) của lớp “K” thi môn CTRR không đạt (ở tất cả các lần
--thi).
SELECT DISTINCT HV.MAHV, HV.HO + ' ' + HV.TEN AS HOTEN
FROM dbo.HOCVIEN AS HV, dbo.KETQUATHI AS KQT
WHERE 
KQT.MAHV = HV. MAHV
AND KQT.MAMH = 'CTRR'
AND HV.MALOP LIKE 'K%'
AND NOT EXISTS
(
	SELECT * /*Hoac LANTHI*/ FROM dbo.KETQUATHI
	WHERE KQUA = 'Dat'
	AND MAMH = 'CTRR'
	AND MAHV = HV.MAHV
)
--6. Tìm tên những môn học mà giáo viên có tên “Tran Tam Thanh” dạy trong học kỳ 1 năm 2006.
SELECT DISTINCT MH.TENMH 
FROM dbo.MONHOC AS MH, dbo.GIAOVIEN AS GV, dbo.GIANGDAY AS GD
WHERE
GD.MAMH = MH.MAMH
AND GV.MAGV = GD.MAGV
AND GV.HOTEN = 'Tran Tam Thanh'
AND GD.HOCKY = 1
AND GD.NAM = 2006
--7. Tìm những môn học (mã môn học, tên môn học) mà giáo viên chủ nhiệm lớp “K11” dạy trong học
--kỳ 1 năm 2006.
SELECT DISTINCT MH.MAMH, MH.TENMH 
FROM dbo.MONHOC AS MH, dbo.LOP AS L, dbo.GIANGDAY AS GD
WHERE
GD.MAMH = MH.MAMH
AND L.MAGVCN = GD.MAGV
AND L.MALOP = 'K11'
AND GD.HOCKY = 1
AND GD.NAM = 2006
--8. Tìm họ tên lớp trưởng của các lớp mà giáo viên có tên “Nguyen To Lan” dạy môn “Co So Du Lieu”.
SELECT HV.HO + ' ' + HV.TEN AS HOTEN
FROM dbo.HOCVIEN AS HV, dbo.LOP AS L, dbo.GIAOVIEN AS GV, dbo.MONHOC AS MH, dbo.GIANGDAY AS GD
WHERE
L.TRGLOP = HV.MAHV
AND GD.MAGV = GV.MAGV
AND GD.MALOP = L.MALOP
AND GD.MAMH = MH.MAMH
AND GV.HOTEN = 'Nguyen To Lan'
AND MH.TENMH = 'Co So Du Lieu'
--9. In ra danh sách những môn học (mã môn học, tên môn học) phải học liền trước môn “Co So Du
--Lieu”.
SELECT MH.MAMH, MH.TENMH
FROM dbo.MONHOC AS MH, dbo.DIEUKIEN AS DK
WHERE
MH.MAMH = DK.MAMH
AND DK.MAMH_TRUOC = 'CSDL'
--10. Môn “Cau Truc Roi Rac” là môn bắt buộc phải học liền trước những môn học (mã môn học, tên
--môn học) nào.
SELECT MH.MAMH, MH.TENMH
FROM dbo.MONHOC AS MH, dbo.DIEUKIEN AS DK
WHERE
MH.MAMH = DK.MAMH
AND DK.MAMH_TRUOC = 'CTRR'
--11. Tìm họ tên giáo viên dạy môn CTRR cho cả hai lớp “K11” và “K12” trong cùng học kỳ 1 năm 2006.
SELECT HOTEN
FROM dbo.GIAOVIEN AS GV INNER JOIN dbo.GIANGDAY AS GD
ON GD.MAGV = GV.MAGV
WHERE GD.MAMH = 'CTRR'
AND GD.MALOP = 'K11'
AND GD.HOCKY = 1
AND GD.NAM = 2006
INTERSECT
SELECT HOTEN
FROM dbo.GIAOVIEN AS GV INNER JOIN dbo.GIANGDAY AS GD
ON GD.MAGV = GV.MAGV
WHERE GD.MAMH = 'CTRR'
AND GD.MALOP = 'K12'
AND GD.HOCKY = 1
AND GD.NAM = 2006
--12. Tìm những học viên (mã học viên, họ tên) thi không đạt môn CSDL ở lần thi thứ 1 nhưng chưa thi
--lại môn này.
SELECT HV.MAHV, HV.HO + ' ' + HV.TEN AS HOTEN
FROM dbo.HOCVIEN AS HV JOIN dbo.KETQUATHI AS KQT
ON KQT.MAHV = HV.MAHV
WHERE KQT.MAMH = 'CSDL'
AND KQT.LANTHI = 1
AND KQT.KQUA = 'Khong Dat'
AND NOT EXISTS (SELECT * FROM dbo.KETQUATHI kqt2 WHERE kqt2.LANTHI > 1 AND kqt2.MAHV = HV.MAHV)
--13. Tìm giáo viên (mã giáo viên, họ tên) không được phân công giảng dạy bất kỳ môn học nào.
SELECT MAGV, HOTEN
FROM dbo.GIAOVIEN
WHERE MAGV NOT IN (SELECT MAGV FROM dbo.GIANGDAY)
--14. Tìm giáo viên (mã giáo viên, họ tên) không được phân công giảng dạy bất kỳ môn học nào thuộc
--khoa giáo viên đó phụ trách.
SELECT GV.MAGV, GV.HOTEN
FROM dbo.GIAOVIEN AS GV
WHERE NOT EXISTS
(SELECT * FROM dbo.MONHOC AS MH 
	WHERE MH.MAKHOA = GV.MAKHOA AND NOT EXISTS ( SELECT * FROM dbo.GIANGDAY AS GD
													WHERE GD.MAMH = MH.MAMH AND GD.MAGV = GV.MAGV))
--15. Tìm họ tên các học viên thuộc lớp “K11” thi một môn bất kỳ quá 3 lần vẫn “Khong dat” hoặc thi lần
--thứ 2 môn CTRR được 5 điểm.
SELECT DISTINCT HV.HO + ' ' + HV.TEN AS HOTEN
FROM dbo.HOCVIEN AS HV JOIN dbo.KETQUATHI AS KQT
ON KQT.MAHV = HV.MAHV
WHERE HV.MALOP = 'K11'
AND KQT.LANTHI > 3
AND KQT.KQUA = 'Khong Dat'
UNION
SELECT DISTINCT HV.HO + ' ' + HV.TEN AS HOTEN
FROM dbo.HOCVIEN AS HV JOIN dbo.KETQUATHI AS KQT
ON KQT.MAHV = HV.MAHV
WHERE HV.MALOP = 'K11'
AND KQT.LANTHI = 2
AND KQT.MAMH = 'CTRR'
AND KQT.DIEM = 5
--16. Tìm họ tên giáo viên dạy môn CTRR cho ít nhất hai lớp trong cùng một học kỳ của một năm học.
SELECT DISTINCT GV.HOTEN
FROM dbo.GIAOVIEN AS GV JOIN dbo.GIANGDAY AS GD
ON GD.MAGV = GV.MAGV
WHERE GD.MAMH = 'CTRR'
AND GV.MAGV IN (
SELECT MAGV
FROM dbo.GIANGDAY
GROUP BY MAGV, HOCKY
HAVING COUNT(DISTINCT MALOP) >= 2)

SELECT GV.HOTEN
FROM dbo.GIAOVIEN AS GV JOIN dbo.GIANGDAY AS GD
ON GD.MAGV = GV.MAGV
WHERE GD.MAMH = 'CTRR'
GROUP BY GV.HOTEN, GD.HOCKY
HAVING COUNT(*) >= 2
--17. Danh sách học viên và điểm thi môn CSDL (chỉ lấy điểm của lần thi sau cùng).
SELECT HV.*, DIEM AS N'DIEM LAN THI SAU CUNG'
FROM dbo.HOCVIEN AS HV JOIN dbo.KETQUATHI AS KQ01 ON KQ01.MAHV = HV.MAHV
WHERE KQ01.MAMH = 'CSDL'
AND KQ01.LANTHI = ( SELECT MAX(KQ02.LANTHI)
					FROM dbo.KETQUATHI AS KQ02
					WHERE HV.MAHV = KQ02.MAHV
					AND MAMH = 'CSDL'
					GROUP BY KQ02.MAHV)
--18. Danh sách học viên và điểm thi môn “Co So Du Lieu” (chỉ lấy điểm cao nhất của các lần thi).
SELECT HV.*, DIEM AS N'DIEM CAO NHAT CAC LAN THI'
FROM (dbo.HOCVIEN AS HV JOIN dbo.KETQUATHI AS KQ01 ON KQ01.MAHV = HV.MAHV) JOIN dbo.MONHOC AS MH01 ON KQ01.MAMH = MH01.MAMH
WHERE MH01.TENMH = 'Co so du lieu'
AND KQ01.DIEM = ( SELECT MAX(KQ02.DIEM)
					FROM dbo.KETQUATHI AS KQ02 JOIN dbo.MONHOC AS MH02 ON MH02.MAMH = KQ02.MAMH
					WHERE HV.MAHV = KQ02.MAHV
					AND MH02.TENMH = 'Co so du lieu'
					GROUP BY KQ02.MAHV)
--19. Khoa nào (mã khoa, tên khoa) được thành lập sớm nhất.
SELECT MAKHOA, TENKHOA
FROM KHOA
WHERE NGTLAP = (SELECT MIN(NGTLAP) FROM KHOA)
--20. Có bao nhiêu giáo viên có học hàm là “GS” hoặc “PGS”.
SELECT COUNT(MAGV)
FROM dbo.GIAOVIEN
WHERE HOCHAM IN ('GS', 'PGS')
--21. Thống kê có bao nhiêu giáo viên có học vị là “CN”, “KS”, “Ths”, “TS”, “PTS” trong mỗi khoa.
SELECT MAKHOA, HOCVI, COUNT(MAGV)
FROM dbo.GIAOVIEN
GROUP BY MAKHOA, HOCVI
ORDER BY MAKHOA
--22. Mỗi môn học thống kê số lượng học viên theo kết quả (đạt và không đạt).
SELECT MAMH, KQUA, COUNT(MAHV)
FROM dbo.KETQUATHI
GROUP BY MAMH, KQUA
ORDER BY MAMH
--23. Tìm giáo viên (mã giáo viên, họ tên) là giáo viên chủ nhiệm của một lớp, đồng thời dạy cho lớp đó ít
--nhất một môn học.
SELECT DISTINCT GV.MAGV, GV.HOTEN
FROM dbo.GIAOVIEN AS GV, LOP AS L, dbo.GIANGDAY AS GD
WHERE GV.MAGV = L.MAGVCN
AND GV.MAGV = GD.MAGV
AND GD.MALOP = L.MALOP
--24. Tìm họ tên lớp trưởng của lớp có sỉ số cao nhất.
SELECT HV.HO + ' ' + HV.TEN AS HOTEN
FROM dbo.HOCVIEN AS HV JOIN dbo.LOP AS L ON L.TRGLOP = HV.MAHV
WHERE L.SISO = (SELECT MAX(SISO) FROM LOP)
GO
--25. * Tìm họ tên những LOPTRG thi không đạt quá 3 môn (mỗi môn đều thi không đạt ở tất cả các lần
--thi).
CREATE VIEW KQT_TEMP AS --Bảng chứa những học viên với mã môn học có số lần thi không đạt lớn nhất
SELECT MAHV, MAMH, MAX(LANTHI) AS SL
FROM dbo.KETQUATHI
WHERE KQUA = 'Khong Dat'
GROUP BY MAHV, MAMH
GO

CREATE VIEW TEST AS --Bảng chứa thông tin những môn có số lần thi không đạt cao nhất bằng với số lần thi cao nhất
SELECT *			--để đảm bảo tất cả lần thi đều không đạt
FROM dbo.KQT_TEMP
INTERSECT
SELECT MAHV, MAMH, MAX(LANTHI) AS SL
FROM dbo.KETQUATHI
GROUP BY MAHV, MAMH
GO

SELECT HV.HO + ' ' + HV.TEN AS HOTEN
FROM dbo.HOCVIEN AS HV, dbo.LOP AS L, dbo.KETQUATHI AS KQ
WHERE L.TRGLOP = HV.MAHV
AND HV.MAHV = KQ.MAHV
AND HV.MAHV IN (SELECT MAHV
				FROM TEST
				GROUP BY MAHV
				HAVING COUNT(MAMH) > 3)

SELECT HV.HO + ' ' + HV.TEN AS HOTEN
FROM HOCVIEN AS HV JOIN dbo.LOP AS L ON L.TRGLOP = HV.MAHV
WHERE HV.MAHV IN (SELECT t1.MAHV
					FROM (SELECT DISTINCT kq.MAHV, kq.MAMH 
							FROM KETQUATHI kq
							WHERE NOT EXISTS (SELECT *
												FROM KETQUATHI kq2
												WHERE kq2.MAHV = kq.MAHV
												AND kq2.MAMH = kq.MAMH
												AND kq2.KQUA = 'Dat')) AS t1
					GROUP BY t1.MAHV
					HAVING COUNT(t1.MAMH) > 3)
--26. Tìm học viên (mã học viên, họ tên) có số môn đạt điểm 9,10 nhiều nhất.
SELECT TOP 1 WITH TIES HV.MAHV, HV.HO + ' ' + HV.TEN AS HOTEN
FROM dbo.HOCVIEN AS HV JOIN dbo.KETQUATHI AS KQ ON KQ.MAHV = HV.MAHV
WHERE DIEM >= 9
GROUP BY HV.MAHV, HV.HO, HV.TEN
ORDER BY COUNT(*) DESC
--27. Trong từng lớp, tìm học viên (mã học viên, họ tên) có số môn đạt điểm 9,10 nhiều nhất.
SELECT KQ.MALOP, KQ.MAHV, KQ.HOTEN, KQ.SOLUONG
FROM  ( SELECT HV.MALOP, HV.MAHV, HV.HO + ' ' + HV.TEN AS HOTEN, COUNT(DIEM) AS SOLUONG, 
				RANK() OVER(PARTITION BY HV.MALOP ORDER BY COUNT(*) DESC) AS score_rank
		FROM dbo.HOCVIEN AS HV JOIN dbo.KETQUATHI AS KQ ON KQ.MAHV = HV.MAHV
		WHERE DIEM >= 9
		GROUP BY MALOP, HV.MAHV, HV.HO, HV.TEN) AS KQ
WHERE kq.score_rank = 1
--28. Trong từng học kỳ của từng năm, mỗi giáo viên phân công dạy bao nhiêu môn học, bao nhiêu lớp.
SELECT HOCKY, NAM, MAGV, COUNT(DISTINCT MAMH) AS SLMH, COUNT(MALOP) AS SLLOP
FROM dbo.GIANGDAY
GROUP BY HOCKY, NAM, MAGV
--29. Trong từng học kỳ của từng năm, tìm giáo viên (mã giáo viên, họ tên) giảng dạy nhiều nhất.
SELECT NAM, KQ.HOCKY, GV.MAGV, GV.HOTEN
FROM  ( SELECT HOCKY, NAM, MAGV, RANK() OVER(PARTITION BY HOCKY, NAM ORDER BY COUNT(*) DESC) AS teach_rank
		FROM dbo.GIANGDAY
		GROUP BY HOCKY, NAM, MAGV) AS KQ JOIN dbo.GIAOVIEN AS GV ON GV.MAGV = KQ.MAGV
WHERE KQ.teach_rank = 1
ORDER BY NAM, KQ.HOCKY
--30. Tìm môn học (mã môn học, tên môn học) có nhiều học viên thi không đạt (ở lần thi thứ 1) nhất.
SELECT TOP 1 WITH TIES MH.MAMH, MH.TENMH
FROM dbo.MONHOC AS MH JOIN dbo.KETQUATHI AS KQ ON KQ.MAMH = MH.MAMH
WHERE KQ.LANTHI = 1 AND KQ.KQUA = 'Khong Dat'
GROUP BY MH.MAMH, MH.TENMH
ORDER BY COUNT(MAHV) DESC
--31. Tìm học viên (mã học viên, họ tên) thi môn nào cũng đạt (chỉ xét lần thi thứ 1).
SELECT DISTINCT HV.MAHV, HV.HO + ' ' + HV.TEN AS HOTEN
FROM dbo.HOCVIEN AS HV JOIN dbo.KETQUATHI AS KQ ON KQ.MAHV = HV.MAHV
WHERE NOT EXISTS(SELECT *
					FROM KetQuaThi AS KQT
					WHERE LanThi = 1
					AND KQua = 'Khong Dat'
					AND KQT.MAHV = HV.MAHV)
--32. * Tìm học viên (mã học viên, họ tên) thi môn nào cũng đạt (chỉ xét lần thi sau cùng).
SELECT DISTINCT HV.MAHV, HV.HO + ' ' + HV.TEN AS HOTEN
FROM dbo.HOCVIEN AS HV JOIN dbo.KETQUATHI AS KQ ON KQ.MAHV = HV.MAHV
WHERE NOT EXISTS(SELECT *
					FROM KetQuaThi AS KQT
					WHERE LanThi = (SELECT MAX(LANTHI) FROM dbo.KETQUATHI WHERE MAHV = HV.MAHV GROUP BY MAHV)
					AND KQua = 'Khong Dat'
					AND KQT.MAHV = HV.MAHV)
--33. * Tìm học viên (mã học viên, họ tên) đã thi tất cả các môn đều đạt (chỉ xét lần thi thứ 1).
SELECT HV.MAHV, HV.HO + ' ' + HV.TEN AS HOTEN
FROM dbo.HOCVIEN AS HV
WHERE NOT EXISTS ( SELECT *
					FROM dbo.MONHOC AS MH
					WHERE NOT EXISTS ( SELECT *
										FROM dbo.KETQUATHI AS KQ
										WHERE KQ.MAMH = MH.MAMH
										AND HV.MAHV = KQ.MAHV
										AND KQ.LANTHI = 1
										AND KQ.KQUA = 'Dat'))
--34. * Tìm học viên (mã học viên, họ tên) đã thi tất cả các môn đều đạt (chỉ xét lần thi sau cùng).
SELECT HV.MAHV, HV.HO + ' ' + HV.TEN AS HOTEN
FROM dbo.HOCVIEN AS HV
WHERE NOT EXISTS ( SELECT *
					FROM dbo.MONHOC AS MH
					WHERE NOT EXISTS ( SELECT *
										FROM dbo.KETQUATHI AS KQ
										WHERE KQ.MAMH = MH.MAMH
										AND HV.MAHV = KQ.MAHV
										AND KQ.LANTHI = (SELECT MAX(LANTHI) FROM dbo.KETQUATHI WHERE MAHV = HV.MAHV GROUP BY MAHV)
										AND KQ.KQUA = 'Dat'))
--35. ** Tìm học viên (mã học viên, họ tên) có điểm thi cao nhất trong từng môn (lấy điểm ở lần thi sau
--cùng).
SELECT KQ.MAMH, KQ.MAHV, KQ.HOTEN
FROM ( SELECT KQT.MAMH, HV.MAHV, HV.HO + ' ' + HV.TEN AS HOTEN, RANK() OVER(PARTITION BY KQT.MAMH ORDER BY MAX(DIEM) DESC) AS max_rank
		FROM dbo.HOCVIEN AS HV JOIN dbo.KETQUATHI AS KQT ON KQT.MAHV = HV.MAHV
		WHERE KQT.LANTHI = (SELECT MAX(LANTHI) FROM dbo.KETQUATHI WHERE MAHV = HV.MAHV GROUP BY MAHV)
		GROUP BY MAMH, HV.MAHV, HV.HO, HV.TEN) AS KQ
WHERE KQ.max_rank = 1